kingdom,class,species,decimalLatitude,decimalLongitude,species_fr
Animalia,Mammalia,Sciurus vulgaris,44.778867,20.467117000000002,Ecureuil Roux
Plantae,Magnoliopsida,Phytolacca americana,44.825821999999995,20.462787,Raisin d'Amérique
Plantae,Magnoliopsida,Robinia pseudoacacia,45.825904,19.64126,Robinier faux acacia
Plantae,Magnoliopsida,Phytolacca americana,43.824166999999996,20.478333,Raisin d'Amérique
Plantae,Magnoliopsida,Phytolacca americana,44.807935,20.701710000000002,Raisin d'Amérique
Plantae,Magnoliopsida,Phytolacca americana,44.787233,20.523851999999998,Raisin d'Amérique
Plantae,Magnoliopsida,Robinia pseudoacacia,44.786568,20.448922,Robinier faux acacia
Plantae,Magnoliopsida,Phytolacca americana,44.360514,20.189804000000002,Raisin d'Amérique
Plantae,Magnoliopsida,Acer platanoides,43.279047999999996,20.623722,Erable plane
Plantae,Magnoliopsida,Acer platanoides,45.370591,20.401998000000003,Erable plane
Plantae,Magnoliopsida,Cichorium intybus,43.453657,19.863861,Chicorée sauvage
Plantae,Magnoliopsida,Cichorium intybus,44.654959999999996,20.86671,Chicorée sauvage
Plantae,Magnoliopsida,Phytolacca americana,44.018588,20.455112,Raisin d'Amérique
Plantae,Magnoliopsida,Robinia pseudoacacia,45.608155,19.518067000000002,Robinier faux acacia
Plantae,Magnoliopsida,Acer platanoides,43.138018,20.507638,Erable plane
Plantae,Magnoliopsida,Acer platanoides,44.667341,20.196077,Erable plane
Plantae,Magnoliopsida,Acer platanoides,44.977703999999996,19.586327999999998,Erable plane
Plantae,Magnoliopsida,Acer platanoides,44.767266,20.475592000000002,Erable plane
Plantae,Magnoliopsida,Acer platanoides,44.813379,20.372235999999997,Erable plane
Plantae,Magnoliopsida,Acer platanoides,45.240514000000005,19.803468,Erable plane
Plantae,Magnoliopsida,Phytolacca americana,44.311256,19.204272,Raisin d'Amérique
Plantae,Magnoliopsida,Phytolacca americana,43.321388,22.0625,Raisin d'Amérique
Plantae,Magnoliopsida,Acer platanoides,44.770821000000005,20.42824,Erable plane
Plantae,Magnoliopsida,Phytolacca americana,44.659584,19.82548,Raisin d'Amérique
Plantae,Magnoliopsida,Phytolacca americana,46.105,19.691216,Raisin d'Amérique
Plantae,Magnoliopsida,Acer platanoides,44.819825,20.421097,Erable plane
Animalia,Mammalia,Sciurus vulgaris,43.291484000000004,22.011049,Ecureuil Roux
Animalia,Mammalia,Ursus arctos,43.94126,19.309783,Ours brun
Animalia,Mammalia,Erinaceus roumanicus,44.736919,20.519851,Hérisson
Animalia,Mammalia,Sciurus vulgaris,44.823572999999996,20.449521,Ecureuil Roux
Animalia,Mammalia,Lepus europaeus,44.209167,19.971944,Lièvre d'europe
Plantae,Magnoliopsida,Cichorium intybus,43.292889,22.027065,Chicorée sauvage
Animalia,Aves,Numenius arquata,46.0442,19.9375,Courlis cendré
Animalia,Aves,Aquila clanga,45.0899,20.453,Aigle criard
Animalia,Mammalia,Talpa europaea,44.254405,19.940553,Taupe d'europe
Plantae,Magnoliopsida,Cichorium intybus,44.249559000000005,19.93017,Chicorée sauvage
Plantae,Magnoliopsida,Phytolacca americana,44.494215000000004,19.583388,Raisin d'Amérique
Plantae,Magnoliopsida,Robinia pseudoacacia,45.2104,19.936277,Robinier faux acacia
Plantae,Magnoliopsida,Acer platanoides,44.731117,20.423644,Erable plane
Plantae,Magnoliopsida,Robinia pseudoacacia,44.74505,20.418866,Robinier faux acacia
Plantae,Magnoliopsida,Phytolacca americana,44.491199,20.375193,Raisin d'Amérique
Plantae,Magnoliopsida,Acer platanoides,44.811911,20.364663,Erable plane
Plantae,Magnoliopsida,Robinia pseudoacacia,43.32053,21.913542,Robinier faux acacia
Plantae,Magnoliopsida,Phytolacca americana,44.62341,22.660367,Raisin d'Amérique
Plantae,Magnoliopsida,Cichorium intybus,44.716808,20.516845999999997,Chicorée sauvage
Plantae,Magnoliopsida,Cichorium intybus,44.730887,20.377143,Chicorée sauvage
Plantae,Magnoliopsida,Phytolacca americana,44.791637,20.433634,Raisin d'Amérique
Plantae,Magnoliopsida,Acer platanoides,45.247292,19.852275,Erable plane
Plantae,Magnoliopsida,Acer platanoides,44.727699,20.424295,Erable plane
Plantae,Magnoliopsida,Robinia pseudoacacia,44.817778000000004,20.414444,Robinier faux acacia
Plantae,Magnoliopsida,Acer platanoides,43.893696000000006,20.342145000000002,Erable plane
Plantae,Magnoliopsida,Acer platanoides,44.973225,19.611925,Erable plane
Plantae,Magnoliopsida,Acer platanoides,45.227769,19.846509,Erable plane
Plantae,Magnoliopsida,Acer platanoides,44.973225,19.611925,Erable plane
Plantae,Magnoliopsida,Phytolacca americana,44.761259,20.412810999999998,Raisin d'Amérique
Plantae,Magnoliopsida,Acer platanoides,43.615,20.886944,Erable plane
Plantae,Magnoliopsida,Robinia pseudoacacia,45.196121000000005,19.831451,Robinier faux acacia
Plantae,Magnoliopsida,Robinia pseudoacacia,43.314526,21.906223,Robinier faux acacia
Plantae,Magnoliopsida,Acer platanoides,44.97766,19.586142000000002,Erable plane
Plantae,Magnoliopsida,Robinia pseudoacacia,44.995261,20.930922,Robinier faux acacia
Plantae,Magnoliopsida,Cichorium intybus,44.807190999999996,20.499129,Chicorée sauvage
Plantae,Magnoliopsida,Acer platanoides,44.813379,20.372235999999997,Erable plane
Plantae,Magnoliopsida,Cichorium intybus,43.581621000000005,20.232189,Chicorée sauvage
Plantae,Magnoliopsida,Phytolacca americana,44.797568,20.274105,Raisin d'Amérique
Plantae,Magnoliopsida,Robinia pseudoacacia,44.778145,20.426704,Robinier faux acacia
Animalia,Mammalia,Sus scrofa,44.245709000000005,19.936045999999997,Sanglier
Animalia,Mammalia,Vulpes vulpes,45.284290000000006,20.419022000000002,Renard roux
Animalia,Mammalia,Erinaceus roumanicus,42.725233,22.326559,Hérisson
Animalia,Mammalia,Spermophilus citellus,45.36025,20.389059,Souslik d'europe
Plantae,Magnoliopsida,Phytolacca americana,44.825902,20.462798,Raisin d'Amérique
Plantae,Magnoliopsida,Phytolacca americana,44.2475,19.917778,Raisin d'Amérique
Plantae,Magnoliopsida,Phytolacca americana,45.2559,19.826808,Raisin d'Amérique
Plantae,Magnoliopsida,Cichorium intybus,44.779298,20.460563,Chicorée sauvage
Plantae,Magnoliopsida,Acer platanoides,44.813965,20.370248999999998,Erable plane
Plantae,Magnoliopsida,Robinia pseudoacacia,44.821288,20.468484,Robinier faux acacia
Plantae,Magnoliopsida,Robinia pseudoacacia,45.227717999999996,19.848129,Robinier faux acacia
Plantae,Magnoliopsida,Cichorium intybus,44.03337,20.880907,Chicorée sauvage
Plantae,Magnoliopsida,Phytolacca americana,44.018588,20.455112,Raisin d'Amérique
Plantae,Magnoliopsida,Cichorium intybus,42.991944000000004,20.334444,Chicorée sauvage
Plantae,Magnoliopsida,Acer platanoides,44.731097999999996,20.423606,Erable plane
Plantae,Magnoliopsida,Cichorium intybus,43.588631,21.340231,Chicorée sauvage
Plantae,Magnoliopsida,Phytolacca americana,43.824166999999996,20.478333,Raisin d'Amérique
Plantae,Magnoliopsida,Robinia pseudoacacia,44.94508,20.222162,Robinier faux acacia
Plantae,Magnoliopsida,Acer platanoides,44.798565,20.470016,Erable plane
Plantae,Magnoliopsida,Acer platanoides,44.834137,20.288935000000002,Erable plane
Plantae,Magnoliopsida,Robinia pseudoacacia,44.78284,20.476306,Robinier faux acacia
Plantae,Magnoliopsida,Cichorium intybus,44.461786,20.679178,Chicorée sauvage
Plantae,Magnoliopsida,Acer platanoides,44.806676,20.425394,Erable plane
Plantae,Magnoliopsida,Acer platanoides,45.971111,19.438333,Erable plane
Plantae,Magnoliopsida,Phytolacca americana,45.98621,19.277943,Raisin d'Amérique
Plantae,Magnoliopsida,Phytolacca americana,45.235248,19.822612,Raisin d'Amérique
Plantae,Magnoliopsida,Cichorium intybus,44.827827,20.405104,Chicorée sauvage
Plantae,Magnoliopsida,Phytolacca americana,44.802421,20.395939000000002,Raisin d'Amérique
Plantae,Magnoliopsida,Robinia pseudoacacia,42.991667,20.335278,Robinier faux acacia
Plantae,Magnoliopsida,Acer platanoides,44.765893,20.41916,Erable plane
Plantae,Magnoliopsida,Robinia pseudoacacia,43.321137,21.932741,Robinier faux acacia
Animalia,Mammalia,Meles meles,44.253917,19.802101,Blaireau européen
Animalia,Mammalia,Lepus europaeus,44.212777,19.965038,Lièvre d'europe
Animalia,Aves,Numenius arquata,45.9202,20.3018,Courlis cendré
Animalia,Aves,Numenius arquata,45.6255,20.2093,Courlis cendré
Animalia,Mammalia,Sciurus vulgaris,44.103367999999996,19.989892,Ecureuil Roux
Animalia,Mammalia,Erinaceus roumanicus,45.975291999999996,19.416081,Hérisson
Plantae,Magnoliopsida,Robinia pseudoacacia,44.262928,19.897228,Robinier faux acacia
Animalia,Mammalia,Capreolus capreolus,45.797645,20.145861,Chevreuil
Animalia,Mammalia,Rattus norvegicus,44.277049,19.895495,Rat brun
Animalia,Mammalia,Ursus arctos,43.952017,19.395831,Ours brun
Plantae,Magnoliopsida,Phytolacca americana,43.668912,21.414366,Raisin d'Amérique
Plantae,Magnoliopsida,Phytolacca americana,44.368217,19.242538,Raisin d'Amérique
Plantae,Magnoliopsida,Robinia pseudoacacia,44.819078999999995,20.397773,Robinier faux acacia
Plantae,Magnoliopsida,Cichorium intybus,43.899551,22.183128,Chicorée sauvage
Plantae,Magnoliopsida,Phytolacca americana,44.698611,20.396667,Raisin d'Amérique
Plantae,Magnoliopsida,Robinia pseudoacacia,44.613448,21.192078,Robinier faux acacia
Plantae,Magnoliopsida,Cichorium intybus,43.314884,21.905598,Chicorée sauvage
Plantae,Magnoliopsida,Robinia pseudoacacia,44.506701,20.295982000000002,Robinier faux acacia
Plantae,Magnoliopsida,Acer platanoides,44.820889,20.418764000000003,Erable plane
Plantae,Magnoliopsida,Acer platanoides,44.764144,20.476519,Erable plane
Plantae,Magnoliopsida,Phytolacca americana,45.250182,19.819361999999998,Raisin d'Amérique
Plantae,Magnoliopsida,Acer platanoides,44.819681,20.421013000000002,Erable plane
Plantae,Magnoliopsida,Phytolacca americana,44.826143,20.463143,Raisin d'Amérique
Plantae,Magnoliopsida,Phytolacca americana,44.640772999999996,22.294164000000002,Raisin d'Amérique
Plantae,Magnoliopsida,Cichorium intybus,44.731859,20.427023000000002,Chicorée sauvage
Plantae,Magnoliopsida,Phytolacca americana,44.265359000000004,19.913892999999998,Raisin d'Amérique
Plantae,Magnoliopsida,Phytolacca americana,43.725278,21.371389,Raisin d'Amérique
Plantae,Magnoliopsida,Acer platanoides,44.973555,19.612463,Erable plane
Plantae,Magnoliopsida,Phytolacca americana,44.340691,20.406662,Raisin d'Amérique
Plantae,Magnoliopsida,Acer platanoides,43.581111,21.326389000000002,Erable plane
Plantae,Magnoliopsida,Cichorium intybus,43.736878000000004,20.803766,Chicorée sauvage
Plantae,Magnoliopsida,Robinia pseudoacacia,44.614847999999995,20.557938,Robinier faux acacia
Plantae,Magnoliopsida,Cichorium intybus,44.821096999999995,20.459014,Chicorée sauvage
Plantae,Magnoliopsida,Robinia pseudoacacia,43.325947,21.898163,Robinier faux acacia
Plantae,Magnoliopsida,Cichorium intybus,44.811687,20.500385,Chicorée sauvage
Plantae,Magnoliopsida,Acer platanoides,44.813965,20.370248999999998,Erable plane
Plantae,Magnoliopsida,Robinia pseudoacacia,44.756515,19.692821,Robinier faux acacia
Plantae,Magnoliopsida,Robinia pseudoacacia,43.850483000000004,19.846612,Robinier faux acacia
Plantae,Magnoliopsida,Acer platanoides,45.261389,19.813056,Erable plane
Plantae,Magnoliopsida,Phytolacca americana,43.320526,21.913551000000002,Raisin d'Amérique
Plantae,Magnoliopsida,Robinia pseudoacacia,45.152275,19.924246,Robinier faux acacia
Plantae,Magnoliopsida,Acer platanoides,44.817778000000004,20.414444,Erable plane
Plantae,Magnoliopsida,Cichorium intybus,45.256916,19.842102,Chicorée sauvage
Animalia,Mammalia,Meles meles,43.893947,19.996075,Blaireau européen
Animalia,Mammalia,Erinaceus roumanicus,43.971649,19.566822,Hérisson
Animalia,Mammalia,Capreolus capreolus,44.133148999999996,19.645341000000002,Chevreuil
Animalia,Mammalia,Erinaceus roumanicus,44.774469,20.48302,Hérisson
Plantae,Magnoliopsida,Robinia pseudoacacia,45.797835,20.122715,Robinier faux acacia
Plantae,Magnoliopsida,Phytolacca americana,44.209565999999995,19.96027,Raisin d'Amérique
Plantae,Magnoliopsida,Phytolacca americana,43.973690000000005,19.583298000000003,Raisin d'Amérique
Plantae,Magnoliopsida,Robinia pseudoacacia,43.976384,19.562137,Robinier faux acacia
Animalia,Mammalia,Sciurus vulgaris,44.30728,20.554281,Ecureuil Roux
Animalia,Aves,Numenius arquata,45.5681,20.3208,Courlis cendré
Animalia,Mammalia,Lepus europaeus,44.362334999999995,19.362983,Lièvre d'europe
Animalia,Mammalia,Erinaceus roumanicus,44.820791,20.402511999999998,Hérisson
Animalia,Aves,Numenius arquata,45.2933,20.4284,Courlis cendré
Animalia,Aves,Numenius arquata,45.2933,20.4284,Courlis cendré
Animalia,Aves,Numenius arquata,45.2177,20.6306,Courlis cendré
Animalia,Aves,Aquila clanga,44.809,21.2851,Aigle criard
Animalia,Aves,Numenius arquata,45.6255,20.2093,Courlis cendré
Animalia,Aves,Numenius arquata,45.528,20.296,Courlis cendré
Animalia,Aves,Numenius arquata,45.528,20.296,Courlis cendré
Animalia,Aves,Numenius arquata,45.4704,20.3027,Courlis cendré
Animalia,Aves,Aquila clanga,44.1844,22.285999999999998,Aigle criard
Animalia,Aves,Numenius arquata,45.2177,20.6306,Courlis cendré
Animalia,Aves,Numenius arquata,45.2933,20.4284,Courlis cendré
Animalia,Aves,Numenius arquata,45.5225,20.3104,Courlis cendré
Animalia,Aves,Numenius arquata,45.3313,20.6691,Courlis cendré
Animalia,Aves,Numenius arquata,45.528,20.296,Courlis cendré
Animalia,Aves,Numenius arquata,45.528,20.296,Courlis cendré
Animalia,Aves,Numenius arquata,45.0584,20.412,Courlis cendré
Animalia,Aves,Numenius arquata,46.0442,19.9375,Courlis cendré
Animalia,Aves,Numenius arquata,45.528,20.296,Courlis cendré
Animalia,Aves,Numenius arquata,45.528,20.296,Courlis cendré
Animalia,Aves,Pelecanus crispus,43.1514,22.5763,Pélican frisé
Animalia,Aves,Numenius arquata,45.528,20.296,Courlis cendré
Animalia,Aves,Numenius arquata,45.3304,20.3843,Courlis cendré
Animalia,Aves,Numenius arquata,45.6255,20.2093,Courlis cendré
Animalia,Aves,Numenius arquata,45.5734,20.0266,Courlis cendré
Animalia,Aves,Numenius arquata,46.0442,19.9375,Courlis cendré
Animalia,Aves,Numenius arquata,46.0442,19.9375,Courlis cendré
Animalia,Aves,Numenius arquata,45.2177,20.6306,Courlis cendré
Animalia,Aves,Numenius arquata,46.0412,20.1208,Courlis cendré
Animalia,Aves,Numenius arquata,45.9202,20.3018,Courlis cendré
Animalia,Aves,Numenius arquata,45.3313,20.6691,Courlis cendré
Animalia,Aves,Numenius arquata,46.0442,19.9375,Courlis cendré
Animalia,Aves,Numenius arquata,45.528,20.296,Courlis cendré
Animalia,Aves,Numenius arquata,46.0442,19.9375,Courlis cendré
Animalia,Aves,Numenius arquata,46.045,20.0989,Courlis cendré
Animalia,Aves,Numenius arquata,45.528,20.296,Courlis cendré
Animalia,Aves,Aquila clanga,44.7961,21.2291,Aigle criard
Animalia,Aves,Numenius arquata,45.528,20.296,Courlis cendré
Animalia,Aves,Numenius arquata,45.528,20.296,Courlis cendré
Animalia,Aves,Aquila clanga,45.0798,20.4403,Aigle criard
Animalia,Aves,Numenius arquata,45.3313,20.6691,Courlis cendré
Animalia,Aves,Numenius arquata,45.2933,20.4284,Courlis cendré
Animalia,Aves,Numenius arquata,45.4972,20.4838,Courlis cendré
Animalia,Aves,Numenius arquata,45.3304,20.3843,Courlis cendré
Animalia,Aves,Numenius arquata,43.0851,20.1132,Courlis cendré
Animalia,Aves,Numenius arquata,45.5734,20.0266,Courlis cendré
Animalia,Aves,Numenius arquata,45.3313,20.6691,Courlis cendré
Animalia,Aves,Numenius arquata,45.3313,20.6691,Courlis cendré
Animalia,Aves,Numenius arquata,45.876999999999995,20.2187,Courlis cendré
Animalia,Aves,Numenius arquata,45.3313,20.6691,Courlis cendré
Animalia,Aves,Aquila clanga,44.8,21.3197,Aigle criard
Animalia,Aves,Numenius arquata,45.2615,20.3935,Courlis cendré
Animalia,Aves,Aquila clanga,44.8,21.3197,Aigle criard
Animalia,Aves,Numenius arquata,45.2177,20.6306,Courlis cendré
Animalia,Aves,Aquila clanga,44.8,21.3197,Aigle criard
Animalia,Aves,Numenius arquata,45.4704,20.3027,Courlis cendré
Animalia,Aves,Numenius arquata,45.2933,20.4284,Courlis cendré
Animalia,Aves,Numenius arquata,46.0442,19.9375,Courlis cendré
Animalia,Aves,Numenius arquata,45.6255,20.2093,Courlis cendré
Animalia,Aves,Numenius arquata,45.2933,20.4284,Courlis cendré
Animalia,Aves,Numenius arquata,45.2177,20.6306,Courlis cendré
Animalia,Aves,Numenius arquata,45.528,20.296,Courlis cendré
Animalia,Aves,Numenius arquata,43.0851,20.1132,Courlis cendré
Animalia,Aves,Numenius arquata,45.4219,20.2953,Courlis cendré
Animalia,Aves,Numenius arquata,45.528,20.296,Courlis cendré
Animalia,Aves,Numenius arquata,45.528,20.296,Courlis cendré
Animalia,Aves,Numenius arquata,43.0851,20.1132,Courlis cendré
Animalia,Aves,Aquila clanga,43.1331,22.6229,Aigle criard
Animalia,Aves,Numenius arquata,45.528,20.296,Courlis cendré
Animalia,Aves,Aquila clanga,45.0899,20.453,Aigle criard
Animalia,Mammalia,Sciurus vulgaris,43.971854,19.567365,Ecureuil Roux
Plantae,Magnoliopsida,Phytolacca americana,44.277663000000004,20.511077,Raisin d'Amérique
Animalia,Mammalia,Vulpes vulpes,45.52523,20.300888,Renard roux
Animalia,Mammalia,Cervus elaphus,45.829617,18.962636,Cerf
Animalia,Mammalia,Cervus elaphus,45.015727000000005,19.121617999999998,Cerf
Animalia,Mammalia,Sus scrofa,45.015727000000005,19.121617999999998,Sanglier
Animalia,Mammalia,Sus scrofa,44.856921,21.169081,Sanglier
Animalia,Mammalia,Cervus elaphus,45.02905,19.11986,Cerf
Animalia,Mammalia,Sus scrofa,44.830465000000004,21.136789,Sanglier
Animalia,Mammalia,Sus scrofa,44.839804,21.194172000000002,Sanglier
Animalia,Mammalia,Sus scrofa,45.477938,19.059327,Sanglier
Animalia,Mammalia,Sus scrofa,45.474712,19.051163,Sanglier
Animalia,Mammalia,Sus scrofa,44.937585,21.079159,Sanglier
Animalia,Mammalia,Cervus elaphus,45.825809,18.962231,Cerf
Animalia,Mammalia,Cervus elaphus,45.832238000000004,18.96104,Cerf
Animalia,Mammalia,Cervus elaphus,45.827207,18.96295,Cerf
Animalia,Mammalia,Sus scrofa,45.479603999999995,19.059093,Sanglier
Animalia,Mammalia,Dama dama,45.413304,19.252113,Daim
Animalia,Mammalia,Dama dama,45.41398,19.252181,Daim
Animalia,Mammalia,Cervus elaphus,45.014219,19.124435000000002,Cerf
Animalia,Mammalia,Sus scrofa,45.015029,19.132562,Sanglier
Animalia,Mammalia,Sus scrofa,44.76235,19.80667,Sanglier
Animalia,Mammalia,Cervus elaphus,44.814653,21.259760999999997,Cerf
Animalia,Mammalia,Sus scrofa,44.76135,19.822142000000003,Sanglier
Animalia,Mammalia,Cervus elaphus,45.015665999999996,19.133454999999998,Cerf
Animalia,Mammalia,Sus scrofa,45.475231,19.051596,Sanglier
Animalia,Mammalia,Sus scrofa,45.347078,19.093562,Sanglier
Animalia,Mammalia,Sus scrofa,45.345831,19.094426000000002,Sanglier
Animalia,Mammalia,Sus scrofa,44.77965,19.753712,Sanglier
Animalia,Aves,Numenius arquata,45.4623,19.9604,Courlis cendré
Animalia,Aves,Numenius arquata,45.528,20.296,Courlis cendré
Animalia,Aves,Numenius arquata,45.528,20.296,Courlis cendré
Plantae,Magnoliopsida,Phytolacca americana,45.220554,20.020643,Raisin d'Amérique
Plantae,Magnoliopsida,Phytolacca americana,44.791447,20.433763,Raisin d'Amérique
Plantae,Magnoliopsida,Cichorium intybus,44.884018,20.527501,Chicorée sauvage
Plantae,Magnoliopsida,Cichorium intybus,43.269512,20.000549,Chicorée sauvage
Plantae,Magnoliopsida,Phytolacca americana,44.80243,20.395989,Raisin d'Amérique
Plantae,Magnoliopsida,Phytolacca americana,44.308105,20.155951,Raisin d'Amérique
Plantae,Magnoliopsida,Cichorium intybus,43.638383000000005,21.864742,Chicorée sauvage
Plantae,Magnoliopsida,Phytolacca americana,44.491199,20.375193,Raisin d'Amérique
Plantae,Magnoliopsida,Acer platanoides,44.764016999999996,20.474952,Erable plane
Plantae,Magnoliopsida,Phytolacca americana,43.824166999999996,20.478333,Raisin d'Amérique
Plantae,Magnoliopsida,Phytolacca americana,42.923611,22.036388,Raisin d'Amérique
Plantae,Magnoliopsida,Phytolacca americana,44.752469,19.690672,Raisin d'Amérique
Plantae,Magnoliopsida,Robinia pseudoacacia,44.882773,20.650388,Robinier faux acacia
Plantae,Magnoliopsida,Acer platanoides,45.245987,19.849926,Erable plane
Plantae,Magnoliopsida,Robinia pseudoacacia,44.747213,20.453522,Robinier faux acacia
Plantae,Magnoliopsida,Acer platanoides,44.814488,20.370959,Erable plane
Plantae,Magnoliopsida,Phytolacca americana,44.851921000000004,20.658998,Raisin d'Amérique
Plantae,Magnoliopsida,Acer platanoides,44.815242,20.412275,Erable plane
Plantae,Magnoliopsida,Cichorium intybus,43.862778000000006,19.893056,Chicorée sauvage
Plantae,Magnoliopsida,Phytolacca americana,44.770941,20.505419,Raisin d'Amérique
Plantae,Magnoliopsida,Robinia pseudoacacia,43.570125,19.523814,Robinier faux acacia
Plantae,Magnoliopsida,Robinia pseudoacacia,43.314627,21.868025,Robinier faux acacia
Plantae,Magnoliopsida,Robinia pseudoacacia,44.778145,20.426704,Robinier faux acacia
Animalia,Mammalia,Meles meles,45.354664,19.188786,Blaireau européen
Animalia,Mammalia,Capreolus capreolus,43.917044,19.541101,Chevreuil
Animalia,Mammalia,Spermophilus citellus,45.52523,20.300888,Souslik d'europe
Plantae,Magnoliopsida,Robinia pseudoacacia,44.747603000000005,20.40605,Robinier faux acacia
Plantae,Magnoliopsida,Robinia pseudoacacia,44.427625,21.940834,Robinier faux acacia
Plantae,Magnoliopsida,Cichorium intybus,44.850708000000004,20.374737,Chicorée sauvage
Plantae,Magnoliopsida,Cichorium intybus,44.779298,20.460563,Chicorée sauvage
Plantae,Magnoliopsida,Acer platanoides,43.902606,20.348501000000002,Erable plane
Plantae,Magnoliopsida,Cichorium intybus,44.129013,20.502826000000002,Chicorée sauvage
Plantae,Magnoliopsida,Robinia pseudoacacia,44.74906,20.42664,Robinier faux acacia
Plantae,Magnoliopsida,Robinia pseudoacacia,46.097801000000004,19.775826000000002,Robinier faux acacia
Animalia,Mammalia,Erinaceus roumanicus,44.624297999999996,20.223782999999997,Hérisson
Animalia,Mammalia,Vulpes vulpes,44.247749,19.89859,Renard roux
Animalia,Mammalia,Erinaceus roumanicus,44.379647,19.336021,Hérisson
Plantae,Magnoliopsida,Robinia pseudoacacia,45.196121000000005,19.831451,Robinier faux acacia
Plantae,Magnoliopsida,Robinia pseudoacacia,45.242478000000006,19.809399,Robinier faux acacia
Plantae,Magnoliopsida,Phytolacca americana,44.825793,20.462552,Raisin d'Amérique
Plantae,Magnoliopsida,Cichorium intybus,44.697165999999996,20.503248000000003,Chicorée sauvage
Plantae,Magnoliopsida,Phytolacca americana,43.862251,22.292844,Raisin d'Amérique
Plantae,Magnoliopsida,Phytolacca americana,44.85407,20.394448,Raisin d'Amérique
Plantae,Magnoliopsida,Cichorium intybus,44.613954,20.564119,Chicorée sauvage
Plantae,Magnoliopsida,Cichorium intybus,44.286667,20.002222,Chicorée sauvage
Plantae,Magnoliopsida,Acer platanoides,44.877556,20.638088,Erable plane
Plantae,Magnoliopsida,Phytolacca americana,45.2337,19.625549,Raisin d'Amérique
Plantae,Magnoliopsida,Acer platanoides,45.029946,19.821294,Erable plane
Plantae,Magnoliopsida,Robinia pseudoacacia,43.980278000000006,21.242778,Robinier faux acacia
Plantae,Magnoliopsida,Acer platanoides,44.966184000000005,20.277269,Erable plane
Plantae,Magnoliopsida,Acer platanoides,44.815355,20.413024,Erable plane
Plantae,Magnoliopsida,Robinia pseudoacacia,43.677857,20.516236,Robinier faux acacia
Plantae,Magnoliopsida,Acer platanoides,44.819269,20.411435,Erable plane
Plantae,Magnoliopsida,Phytolacca americana,45.475255,20.436567,Raisin d'Amérique
Plantae,Magnoliopsida,Acer platanoides,44.787166,20.511476000000002,Erable plane
Plantae,Magnoliopsida,Robinia pseudoacacia,42.55791,21.882542,Robinier faux acacia
Plantae,Magnoliopsida,Cichorium intybus,44.74906,20.535099,Chicorée sauvage
Plantae,Magnoliopsida,Acer platanoides,44.810676,20.365702,Erable plane
Plantae,Magnoliopsida,Robinia pseudoacacia,43.325825,21.896679000000002,Robinier faux acacia
Plantae,Magnoliopsida,Phytolacca americana,45.112875,19.509655,Raisin d'Amérique
Plantae,Magnoliopsida,Cichorium intybus,45.856075,20.391701,Chicorée sauvage
Plantae,Magnoliopsida,Robinia pseudoacacia,44.812012,20.481009,Robinier faux acacia
Plantae,Magnoliopsida,Phytolacca americana,45.146653,19.738975,Raisin d'Amérique
Plantae,Magnoliopsida,Acer platanoides,43.138357,20.484969,Erable plane
Plantae,Magnoliopsida,Robinia pseudoacacia,44.809027,20.472231,Robinier faux acacia
Plantae,Magnoliopsida,Robinia pseudoacacia,43.314547,21.906113,Robinier faux acacia
Plantae,Magnoliopsida,Phytolacca americana,45.233734000000005,19.625515,Raisin d'Amérique
Plantae,Magnoliopsida,Phytolacca americana,46.105,19.691216,Raisin d'Amérique
Plantae,Magnoliopsida,Robinia pseudoacacia,44.782222,20.425278,Robinier faux acacia
Plantae,Magnoliopsida,Cichorium intybus,44.976425,19.608812,Chicorée sauvage
Plantae,Magnoliopsida,Acer platanoides,44.813965,20.370248999999998,Erable plane
Plantae,Magnoliopsida,Cichorium intybus,44.731429,20.573320000000002,Chicorée sauvage
Plantae,Magnoliopsida,Phytolacca americana,45.23921,19.810412,Raisin d'Amérique
Plantae,Magnoliopsida,Robinia pseudoacacia,43.98189,19.565765,Robinier faux acacia
Animalia,Mammalia,Capreolus capreolus,44.622198,20.16713,Chevreuil
Plantae,Magnoliopsida,Robinia pseudoacacia,43.994214,19.570202,Robinier faux acacia
Plantae,Magnoliopsida,Robinia pseudoacacia,43.966072,19.596408,Robinier faux acacia
Plantae,Magnoliopsida,Cichorium intybus,43.926826,22.125270999999998,Chicorée sauvage
Plantae,Magnoliopsida,Robinia pseudoacacia,44.816784000000006,20.400192,Robinier faux acacia
Plantae,Magnoliopsida,Cichorium intybus,43.588737,21.340122,Chicorée sauvage
Plantae,Magnoliopsida,Cichorium intybus,44.780501,20.413605,Chicorée sauvage
Plantae,Magnoliopsida,Robinia pseudoacacia,45.174801,21.007595000000002,Robinier faux acacia
Plantae,Magnoliopsida,Phytolacca americana,44.779617,20.370946,Raisin d'Amérique
Plantae,Magnoliopsida,Cichorium intybus,44.852329,20.347085,Chicorée sauvage
Plantae,Magnoliopsida,Phytolacca americana,44.757622,20.412845,Raisin d'Amérique
Plantae,Magnoliopsida,Phytolacca americana,45.241513,19.791534,Raisin d'Amérique
Plantae,Magnoliopsida,Robinia pseudoacacia,44.772595,20.419786,Robinier faux acacia
Plantae,Magnoliopsida,Cichorium intybus,44.857698,20.329555,Chicorée sauvage
Plantae,Magnoliopsida,Robinia pseudoacacia,44.818333,20.421667000000003,Robinier faux acacia
Plantae,Magnoliopsida,Acer platanoides,44.822778,20.410224,Erable plane
Plantae,Magnoliopsida,Cichorium intybus,44.461715000000005,20.679117,Chicorée sauvage
Plantae,Magnoliopsida,Phytolacca americana,44.459114,21.479015,Raisin d'Amérique
Plantae,Magnoliopsida,Cichorium intybus,44.49485,19.936771,Chicorée sauvage
Plantae,Magnoliopsida,Acer platanoides,44.877262,20.640131,Erable plane
Plantae,Magnoliopsida,Acer platanoides,44.765925,20.476139,Erable plane
Plantae,Magnoliopsida,Cichorium intybus,44.028816,20.854448,Chicorée sauvage
Plantae,Magnoliopsida,Acer platanoides,44.73455,20.501193,Erable plane
Plantae,Magnoliopsida,Acer platanoides,44.813379,20.372235999999997,Erable plane
Animalia,Mammalia,Talpa europaea,45.122074,19.937913,Taupe d'europe
Animalia,Aves,Numenius arquata,45.528,20.296,Courlis cendré
Animalia,Mammalia,Lepus europaeus,45.312186,20.436733,Lièvre d'europe
Plantae,Magnoliopsida,Robinia pseudoacacia,44.767914000000005,20.475007,Robinier faux acacia
Animalia,Mammalia,Erinaceus roumanicus,44.263034000000005,19.897592000000003,Hérisson
Plantae,Magnoliopsida,Robinia pseudoacacia,45.223879,19.842441,Robinier faux acacia
Animalia,Mammalia,Rattus norvegicus,44.761192,20.490149,Rat brun
Animalia,Aves,Numenius arquata,45.528,20.296,Courlis cendré
Animalia,Aves,Numenius arquata,45.0934,20.4708,Courlis cendré
Animalia,Mammalia,Myocastor coypus,45.290368,20.430187,Ragondin
Animalia,Aves,Numenius arquata,45.3313,20.6691,Courlis cendré
Animalia,Aves,Numenius arquata,45.4623,19.9604,Courlis cendré
Animalia,Aves,Numenius arquata,45.4704,20.3027,Courlis cendré
Animalia,Aves,Numenius arquata,45.2933,20.4284,Courlis cendré
Animalia,Aves,Numenius arquata,45.2833,20.4218,Courlis cendré
Animalia,Aves,Numenius arquata,46.0442,19.9375,Courlis cendré
Animalia,Aves,Numenius arquata,45.528,20.296,Courlis cendré
Animalia,Aves,Numenius arquata,45.291000000000004,20.4287,Courlis cendré
Animalia,Aves,Numenius arquata,45.3313,20.6691,Courlis cendré
Animalia,Aves,Numenius arquata,45.6255,20.2093,Courlis cendré
Animalia,Aves,Numenius arquata,45.4704,20.3027,Courlis cendré
Animalia,Aves,Numenius arquata,45.291000000000004,20.4287,Courlis cendré
Animalia,Aves,Numenius arquata,45.6255,20.2093,Courlis cendré
Animalia,Aves,Numenius arquata,45.2615,20.3935,Courlis cendré
Animalia,Aves,Numenius arquata,45.5734,20.0266,Courlis cendré
Animalia,Aves,Aquila clanga,44.809,21.2851,Aigle criard
Animalia,Aves,Numenius arquata,45.528,20.296,Courlis cendré
Animalia,Aves,Numenius arquata,45.1385,20.473,Courlis cendré
Animalia,Aves,Numenius arquata,45.528,20.296,Courlis cendré
Animalia,Aves,Aquila clanga,45.0899,20.453,Aigle criard
Animalia,Aves,Numenius arquata,45.6255,20.2093,Courlis cendré
Animalia,Aves,Numenius arquata,45.528,20.296,Courlis cendré
Animalia,Aves,Numenius arquata,45.528,20.296,Courlis cendré
Animalia,Aves,Numenius arquata,45.528,20.296,Courlis cendré
Animalia,Aves,Aquila clanga,45.0899,20.453,Aigle criard
Animalia,Aves,Numenius arquata,44.8662,20.4915,Courlis cendré
Animalia,Aves,Numenius arquata,45.4704,20.3027,Courlis cendré
Animalia,Aves,Numenius arquata,46.0412,20.1208,Courlis cendré
Animalia,Aves,Numenius arquata,46.0442,19.9375,Courlis cendré
Animalia,Aves,Numenius arquata,45.3304,20.3843,Courlis cendré
Animalia,Aves,Aquila clanga,45.08,20.4824,Aigle criard
Animalia,Aves,Numenius arquata,45.528,20.296,Courlis cendré
Animalia,Aves,Numenius arquata,45.1385,20.473,Courlis cendré
Animalia,Aves,Numenius arquata,45.528,20.296,Courlis cendré
Animalia,Aves,Numenius arquata,45.528,20.296,Courlis cendré
Animalia,Aves,Numenius arquata,45.528,20.296,Courlis cendré
Animalia,Aves,Numenius arquata,46.0442,19.9375,Courlis cendré
Animalia,Aves,Numenius arquata,45.5734,20.0266,Courlis cendré
Animalia,Aves,Numenius arquata,45.2615,20.3935,Courlis cendré
Animalia,Aves,Numenius arquata,45.528,20.296,Courlis cendré
Animalia,Aves,Numenius arquata,45.3919,20.1066,Courlis cendré
Animalia,Aves,Aquila clanga,44.8,21.3197,Aigle criard
Animalia,Aves,Numenius arquata,45.528,20.296,Courlis cendré
Animalia,Aves,Numenius arquata,45.528,20.296,Courlis cendré
Animalia,Aves,Numenius arquata,45.528,20.296,Courlis cendré
Animalia,Aves,Numenius arquata,45.2177,20.6306,Courlis cendré
Animalia,Aves,Numenius arquata,45.528,20.296,Courlis cendré
Animalia,Aves,Numenius arquata,45.528,20.296,Courlis cendré
Animalia,Aves,Numenius arquata,45.4509,20.2411,Courlis cendré
Animalia,Aves,Numenius arquata,45.885,20.2358,Courlis cendré
Animalia,Aves,Numenius arquata,45.3313,20.6691,Courlis cendré
Animalia,Aves,Aquila clanga,45.0934,20.4708,Aigle criard
Animalia,Aves,Numenius arquata,45.4704,20.3027,Courlis cendré
Animalia,Aves,Numenius arquata,46.0412,20.1208,Courlis cendré
Animalia,Aves,Numenius arquata,45.528,20.296,Courlis cendré
Animalia,Aves,Aquila clanga,45.885,20.2358,Aigle criard
Animalia,Aves,Numenius arquata,44.8477,20.5485,Courlis cendré
Animalia,Aves,Numenius arquata,45.4704,20.3027,Courlis cendré
Animalia,Aves,Numenius arquata,45.6255,20.2093,Courlis cendré
Animalia,Aves,Numenius arquata,45.08,20.4824,Courlis cendré
Animalia,Aves,Numenius arquata,45.1385,20.473,Courlis cendré
Animalia,Aves,Numenius arquata,45.4704,20.3027,Courlis cendré
Animalia,Aves,Numenius arquata,45.2177,20.6306,Courlis cendré
Animalia,Aves,Aquila clanga,44.809,21.2851,Aigle criard
Animalia,Aves,Numenius arquata,45.2947,20.4097,Courlis cendré
Animalia,Aves,Numenius arquata,45.3313,20.6691,Courlis cendré
Animalia,Aves,Numenius arquata,46.0442,19.9375,Courlis cendré
Animalia,Aves,Numenius arquata,45.528,20.296,Courlis cendré
Animalia,Aves,Numenius arquata,45.528,20.296,Courlis cendré
Animalia,Aves,Numenius arquata,45.4704,20.3027,Courlis cendré
Animalia,Aves,Numenius arquata,45.2177,20.6306,Courlis cendré
Animalia,Aves,Numenius arquata,45.6255,20.2093,Courlis cendré
Animalia,Aves,Numenius arquata,45.08,20.4824,Courlis cendré
Animalia,Aves,Numenius arquata,45.5318,20.2939,Courlis cendré
Animalia,Aves,Numenius arquata,44.8296,21.3118,Courlis cendré
Animalia,Aves,Numenius arquata,45.3313,20.6691,Courlis cendré
Animalia,Aves,Numenius arquata,46.0391,20.0872,Courlis cendré
Animalia,Aves,Aquila clanga,43.2258,22.3929,Aigle criard
Animalia,Aves,Numenius arquata,45.4704,20.3027,Courlis cendré
Animalia,Aves,Numenius arquata,45.528,20.296,Courlis cendré
Animalia,Aves,Numenius arquata,44.809,21.2851,Courlis cendré
Animalia,Aves,Numenius arquata,45.528,20.296,Courlis cendré
Animalia,Aves,Numenius arquata,45.3313,20.6691,Courlis cendré
Animalia,Aves,Numenius arquata,45.5734,20.0266,Courlis cendré
Animalia,Aves,Numenius arquata,46.0412,20.1208,Courlis cendré
Animalia,Aves,Numenius arquata,45.528,20.296,Courlis cendré
Animalia,Aves,Numenius arquata,45.3313,20.6691,Courlis cendré
Animalia,Aves,Numenius arquata,46.0442,19.9375,Courlis cendré
Animalia,Aves,Numenius arquata,45.2177,20.6306,Courlis cendré
Animalia,Aves,Numenius arquata,45.528,20.296,Courlis cendré
Animalia,Aves,Numenius arquata,45.528,20.296,Courlis cendré
Animalia,Aves,Numenius arquata,45.2933,20.4284,Courlis cendré
Animalia,Aves,Numenius arquata,45.3313,20.6691,Courlis cendré
Animalia,Aves,Numenius arquata,45.2177,20.6306,Courlis cendré
Animalia,Aves,Aquila clanga,45.0946,20.4359,Aigle criard
Animalia,Aves,Numenius arquata,45.2177,20.6306,Courlis cendré
Animalia,Aves,Numenius arquata,45.3313,20.6691,Courlis cendré
Plantae,Magnoliopsida,Phytolacca americana,45.407497,19.989811,Raisin d'Amérique
Plantae,Magnoliopsida,Cichorium intybus,44.694715,20.509848,Chicorée sauvage
Plantae,Magnoliopsida,Phytolacca americana,45.812988,19.258017000000002,Raisin d'Amérique
Plantae,Magnoliopsida,Acer platanoides,44.83947,20.416283,Erable plane
Plantae,Magnoliopsida,Cichorium intybus,45.123564,19.657823999999998,Chicorée sauvage
Plantae,Magnoliopsida,Robinia pseudoacacia,44.75756,20.404317000000002,Robinier faux acacia
Plantae,Magnoliopsida,Phytolacca americana,43.975365000000004,21.262255,Raisin d'Amérique
Plantae,Magnoliopsida,Acer platanoides,44.974395,19.612872,Erable plane
Plantae,Magnoliopsida,Acer platanoides,44.7825,20.425278,Erable plane
Plantae,Magnoliopsida,Phytolacca americana,43.926742,21.369457,Raisin d'Amérique
Plantae,Magnoliopsida,Phytolacca americana,44.776447999999995,20.4354,Raisin d'Amérique
Plantae,Magnoliopsida,Phytolacca americana,45.805833,19.646944,Raisin d'Amérique
Plantae,Magnoliopsida,Cichorium intybus,43.933215000000004,20.878917,Chicorée sauvage
Plantae,Magnoliopsida,Robinia pseudoacacia,44.816395,20.457877,Robinier faux acacia
Plantae,Magnoliopsida,Cichorium intybus,44.102318,19.993442,Chicorée sauvage
Plantae,Magnoliopsida,Cichorium intybus,44.807190999999996,20.499129,Chicorée sauvage
Plantae,Magnoliopsida,Acer platanoides,44.974395,19.612872,Erable plane
Plantae,Magnoliopsida,Phytolacca americana,44.6119,20.357393,Raisin d'Amérique
Plantae,Magnoliopsida,Robinia pseudoacacia,45.489767,20.403445,Robinier faux acacia
Plantae,Magnoliopsida,Robinia pseudoacacia,44.506659,20.296007,Robinier faux acacia
Plantae,Magnoliopsida,Cichorium intybus,44.632059999999996,20.434412,Chicorée sauvage
Plantae,Magnoliopsida,Cichorium intybus,43.702971999999995,20.114701999999998,Chicorée sauvage
Plantae,Magnoliopsida,Robinia pseudoacacia,45.196121000000005,19.831451,Robinier faux acacia
Plantae,Magnoliopsida,Cichorium intybus,44.54166,19.230266,Chicorée sauvage
Plantae,Magnoliopsida,Acer platanoides,44.787166,20.511476000000002,Erable plane
Plantae,Magnoliopsida,Robinia pseudoacacia,45.241261,19.785937,Robinier faux acacia
Plantae,Magnoliopsida,Phytolacca americana,45.613989000000004,19.527554000000002,Raisin d'Amérique
Plantae,Magnoliopsida,Cichorium intybus,43.636774,21.888081,Chicorée sauvage
Plantae,Magnoliopsida,Robinia pseudoacacia,44.780883,20.419175,Robinier faux acacia
Plantae,Magnoliopsida,Acer platanoides,44.877171000000004,20.640167,Erable plane
Plantae,Magnoliopsida,Cichorium intybus,43.016762,22.774734,Chicorée sauvage
Plantae,Magnoliopsida,Cichorium intybus,45.147354,20.244412,Chicorée sauvage
Plantae,Magnoliopsida,Acer platanoides,44.787166,20.511476000000002,Erable plane
Plantae,Magnoliopsida,Phytolacca americana,45.407528000000006,19.98975,Raisin d'Amérique
Plantae,Magnoliopsida,Phytolacca americana,44.860756,20.478653,Raisin d'Amérique
Plantae,Magnoliopsida,Acer platanoides,44.763822999999995,20.476384,Erable plane
Plantae,Magnoliopsida,Acer platanoides,45.240185,19.840445000000003,Erable plane
Plantae,Magnoliopsida,Cichorium intybus,44.819151,20.542189,Chicorée sauvage
Plantae,Magnoliopsida,Robinia pseudoacacia,44.873635,20.640595,Robinier faux acacia
Plantae,Magnoliopsida,Phytolacca americana,44.360302000000004,20.189301,Raisin d'Amérique
Plantae,Magnoliopsida,Cichorium intybus,42.991944000000004,20.334444,Chicorée sauvage
Plantae,Magnoliopsida,Cichorium intybus,44.248333,19.925,Chicorée sauvage
Plantae,Magnoliopsida,Cichorium intybus,44.225419,22.530689000000002,Chicorée sauvage
Plantae,Magnoliopsida,Cichorium intybus,44.807190999999996,20.499129,Chicorée sauvage
Plantae,Magnoliopsida,Robinia pseudoacacia,43.321125,21.933563,Robinier faux acacia
Plantae,Magnoliopsida,Cichorium intybus,43.291671,22.011733,Chicorée sauvage
Plantae,Magnoliopsida,Cichorium intybus,44.873812,20.43944,Chicorée sauvage
Plantae,Magnoliopsida,Cichorium intybus,43.771389,20.797712,Chicorée sauvage
Plantae,Magnoliopsida,Robinia pseudoacacia,44.829025,20.401447,Robinier faux acacia
Plantae,Magnoliopsida,Cichorium intybus,44.779298,20.460563,Chicorée sauvage
Plantae,Magnoliopsida,Phytolacca americana,44.199656,19.359338,Raisin d'Amérique
Plantae,Magnoliopsida,Phytolacca americana,45.761307,19.10836,Raisin d'Amérique
Plantae,Magnoliopsida,Cichorium intybus,44.570278,21.477778,Chicorée sauvage
Plantae,Magnoliopsida,Phytolacca americana,45.611963,19.53259,Raisin d'Amérique
Plantae,Magnoliopsida,Cichorium intybus,44.4398,20.491579,Chicorée sauvage
Plantae,Magnoliopsida,Robinia pseudoacacia,44.796339,20.497645000000002,Robinier faux acacia
Plantae,Magnoliopsida,Phytolacca americana,44.225845,21.13999,Raisin d'Amérique
Plantae,Magnoliopsida,Acer platanoides,44.809275,20.419635999999997,Erable plane
Plantae,Magnoliopsida,Acer platanoides,44.768266,20.438519,Erable plane
Plantae,Magnoliopsida,Phytolacca americana,43.583321999999995,21.330091,Raisin d'Amérique
Plantae,Magnoliopsida,Acer platanoides,44.841746,20.484104000000002,Erable plane
Plantae,Magnoliopsida,Phytolacca americana,45.249652000000005,19.76023,Raisin d'Amérique
Animalia,Aves,Numenius arquata,45.2177,20.6306,Courlis cendré
Animalia,Aves,Pelecanus crispus,44.9648,19.6041,Pélican frisé
Animalia,Aves,Aquila clanga,45.885,20.2358,Aigle criard
Animalia,Mammalia,Rattus norvegicus,43.977457,19.563589,Rat brun
Plantae,Magnoliopsida,Cichorium intybus,44.814564000000004,20.387642,Chicorée sauvage
Animalia,Aves,Numenius arquata,45.4283,19.9337,Courlis cendré
Plantae,Magnoliopsida,Robinia pseudoacacia,43.977542,19.567964,Robinier faux acacia
Plantae,Magnoliopsida,Robinia pseudoacacia,43.320788,21.939608,Robinier faux acacia
Plantae,Magnoliopsida,Robinia pseudoacacia,44.263109,19.812701999999998,Robinier faux acacia
Plantae,Magnoliopsida,Robinia pseudoacacia,44.255855,19.789498000000002,Robinier faux acacia
Plantae,Magnoliopsida,Phytolacca americana,44.443118,21.111483,Raisin d'Amérique
Plantae,Magnoliopsida,Cichorium intybus,45.286768,19.372920999999998,Chicorée sauvage
Plantae,Magnoliopsida,Robinia pseudoacacia,44.246117,19.929955,Robinier faux acacia
Plantae,Magnoliopsida,Cichorium intybus,43.808362,21.895516,Chicorée sauvage
Plantae,Magnoliopsida,Acer platanoides,44.734275,20.485567,Erable plane
Plantae,Magnoliopsida,Acer platanoides,44.814167,20.431110999999998,Erable plane
Plantae,Magnoliopsida,Phytolacca americana,44.287238,20.470194,Raisin d'Amérique
Plantae,Magnoliopsida,Robinia pseudoacacia,44.770812,20.488729,Robinier faux acacia
Plantae,Magnoliopsida,Phytolacca americana,44.826122999999995,20.463113,Raisin d'Amérique
Plantae,Magnoliopsida,Cichorium intybus,44.730906,20.377036999999998,Chicorée sauvage
Plantae,Magnoliopsida,Phytolacca americana,44.793203999999996,20.268307999999998,Raisin d'Amérique
Plantae,Magnoliopsida,Acer platanoides,44.105676,19.986173,Erable plane
Plantae,Magnoliopsida,Phytolacca americana,45.526112,19.79146,Raisin d'Amérique
Plantae,Magnoliopsida,Acer platanoides,44.731111,20.377222,Erable plane
Plantae,Magnoliopsida,Phytolacca americana,45.927908,20.061802,Raisin d'Amérique
Plantae,Magnoliopsida,Phytolacca americana,44.851841,20.659098,Raisin d'Amérique
Plantae,Magnoliopsida,Acer platanoides,44.747287,20.457938000000002,Erable plane
Plantae,Magnoliopsida,Cichorium intybus,43.588741999999996,21.340145,Chicorée sauvage
Plantae,Magnoliopsida,Cichorium intybus,43.723726,19.699315,Chicorée sauvage
Plantae,Magnoliopsida,Acer platanoides,44.735678,20.503547,Erable plane
Plantae,Magnoliopsida,Phytolacca americana,44.33202,20.554126999999998,Raisin d'Amérique
Plantae,Magnoliopsida,Robinia pseudoacacia,44.858305,20.381119,Robinier faux acacia
Plantae,Magnoliopsida,Robinia pseudoacacia,45.668333000000004,19.001389,Robinier faux acacia
Plantae,Magnoliopsida,Cichorium intybus,44.091986999999996,21.997432999999997,Chicorée sauvage
Plantae,Magnoliopsida,Phytolacca americana,44.752469,19.690672,Raisin d'Amérique
Plantae,Magnoliopsida,Robinia pseudoacacia,45.246666999999995,19.813610999999998,Robinier faux acacia
Plantae,Magnoliopsida,Acer platanoides,44.820709,20.409072000000002,Erable plane
Plantae,Magnoliopsida,Phytolacca americana,44.792418,20.523042999999998,Raisin d'Amérique
Plantae,Magnoliopsida,Cichorium intybus,44.8512,20.372583,Chicorée sauvage
Plantae,Magnoliopsida,Cichorium intybus,45.16365,20.128369,Chicorée sauvage
Plantae,Magnoliopsida,Robinia pseudoacacia,44.817349,20.392087,Robinier faux acacia
Plantae,Magnoliopsida,Acer platanoides,44.428352000000004,21.943317,Erable plane
Plantae,Magnoliopsida,Robinia pseudoacacia,44.049285999999995,20.375037,Robinier faux acacia
Plantae,Magnoliopsida,Acer platanoides,44.799721000000005,20.387789,Erable plane
Plantae,Magnoliopsida,Phytolacca americana,43.004053000000006,21.946838,Raisin d'Amérique
Plantae,Magnoliopsida,Cichorium intybus,44.732029,20.426953,Chicorée sauvage
Plantae,Magnoliopsida,Robinia pseudoacacia,43.325947,21.898163,Robinier faux acacia
Plantae,Magnoliopsida,Phytolacca americana,45.592960999999995,19.638841,Raisin d'Amérique
Plantae,Magnoliopsida,Phytolacca americana,45.260397,19.815266,Raisin d'Amérique
Plantae,Magnoliopsida,Robinia pseudoacacia,46.093333,19.6875,Robinier faux acacia
Plantae,Magnoliopsida,Acer platanoides,44.796473999999996,20.498010999999998,Erable plane
Plantae,Magnoliopsida,Cichorium intybus,42.50161,21.742784,Chicorée sauvage
Plantae,Magnoliopsida,Acer platanoides,44.972145000000005,19.610229999999998,Erable plane
Plantae,Magnoliopsida,Robinia pseudoacacia,42.558126,21.882215,Robinier faux acacia
Plantae,Magnoliopsida,Robinia pseudoacacia,44.756145000000004,20.428273,Robinier faux acacia
Plantae,Magnoliopsida,Phytolacca americana,45.235313,19.822762,Raisin d'Amérique
Plantae,Magnoliopsida,Phytolacca americana,45.806111,19.646667,Raisin d'Amérique
Plantae,Magnoliopsida,Acer platanoides,44.811939,20.462416,Erable plane
Plantae,Magnoliopsida,Robinia pseudoacacia,45.522023,19.588379,Robinier faux acacia
Plantae,Magnoliopsida,Cichorium intybus,44.258868,21.602353,Chicorée sauvage
Plantae,Magnoliopsida,Acer platanoides,44.887013,20.456181,Erable plane
Plantae,Magnoliopsida,Cichorium intybus,45.175031,19.806144,Chicorée sauvage
Plantae,Magnoliopsida,Acer platanoides,44.973225,19.611925,Erable plane
Plantae,Magnoliopsida,Phytolacca americana,46.052405,19.491968,Raisin d'Amérique
Plantae,Magnoliopsida,Robinia pseudoacacia,44.782953000000006,20.423427,Robinier faux acacia
Plantae,Magnoliopsida,Robinia pseudoacacia,44.756172,20.428358,Robinier faux acacia
Plantae,Magnoliopsida,Phytolacca americana,45.613989000000004,19.527554000000002,Raisin d'Amérique
Plantae,Magnoliopsida,Phytolacca americana,44.758812,20.433363,Raisin d'Amérique
Plantae,Magnoliopsida,Acer platanoides,45.374454,20.403185,Erable plane
Plantae,Magnoliopsida,Acer platanoides,45.777671000000005,19.091585000000002,Erable plane
Plantae,Magnoliopsida,Robinia pseudoacacia,44.787129,20.507557000000002,Robinier faux acacia
Plantae,Magnoliopsida,Cichorium intybus,44.460868,20.513559,Chicorée sauvage
Plantae,Magnoliopsida,Cichorium intybus,43.637821,21.863851999999998,Chicorée sauvage
Plantae,Magnoliopsida,Robinia pseudoacacia,44.762664,20.549699,Robinier faux acacia
Plantae,Magnoliopsida,Acer platanoides,44.80283,20.368867,Erable plane
Plantae,Magnoliopsida,Robinia pseudoacacia,44.659607,19.825502,Robinier faux acacia
Plantae,Magnoliopsida,Cichorium intybus,44.236691,21.202307,Chicorée sauvage
Plantae,Magnoliopsida,Robinia pseudoacacia,44.246117,19.929955,Robinier faux acacia
Plantae,Magnoliopsida,Robinia pseudoacacia,44.799543,20.410055,Robinier faux acacia
Plantae,Magnoliopsida,Acer platanoides,44.660194,20.210616,Erable plane
Plantae,Magnoliopsida,Phytolacca americana,44.875923,20.643812,Raisin d'Amérique
Plantae,Magnoliopsida,Acer platanoides,45.261389,19.813056,Erable plane
Plantae,Magnoliopsida,Robinia pseudoacacia,45.247787,19.809841,Robinier faux acacia
Plantae,Magnoliopsida,Phytolacca americana,45.570365,19.647735,Raisin d'Amérique
Plantae,Magnoliopsida,Phytolacca americana,44.760987,20.427052,Raisin d'Amérique
Plantae,Magnoliopsida,Robinia pseudoacacia,44.804414,20.464212,Robinier faux acacia
Plantae,Magnoliopsida,Acer platanoides,44.759722,20.434167000000002,Erable plane
Plantae,Magnoliopsida,Robinia pseudoacacia,44.246866,19.936936,Robinier faux acacia
Plantae,Magnoliopsida,Robinia pseudoacacia,44.778145,20.426704,Robinier faux acacia
Plantae,Magnoliopsida,Phytolacca americana,44.640772999999996,22.294164000000002,Raisin d'Amérique
Plantae,Magnoliopsida,Acer platanoides,45.825726,19.641510999999998,Erable plane
Plantae,Magnoliopsida,Robinia pseudoacacia,45.29043,19.743654,Robinier faux acacia
Plantae,Magnoliopsida,Acer platanoides,44.798928000000004,20.497856,Erable plane
Plantae,Magnoliopsida,Cichorium intybus,43.622378999999995,21.853382,Chicorée sauvage
Plantae,Magnoliopsida,Phytolacca americana,44.347978000000005,20.183308,Raisin d'Amérique
Plantae,Magnoliopsida,Acer platanoides,43.718476,20.697745,Erable plane
Plantae,Magnoliopsida,Robinia pseudoacacia,45.242397,19.809304,Robinier faux acacia
Plantae,Magnoliopsida,Phytolacca americana,45.760867,19.105881,Raisin d'Amérique
Plantae,Magnoliopsida,Robinia pseudoacacia,44.74927,20.452579,Robinier faux acacia
Plantae,Magnoliopsida,Robinia pseudoacacia,44.141079,21.223619,Robinier faux acacia
Plantae,Magnoliopsida,Cichorium intybus,45.263033,19.832493,Chicorée sauvage
Plantae,Magnoliopsida,Acer platanoides,45.674038,18.978904,Erable plane
Plantae,Magnoliopsida,Acer platanoides,45.268418,19.810710999999998,Erable plane
Plantae,Magnoliopsida,Robinia pseudoacacia,44.731103999999995,20.423806,Robinier faux acacia
Plantae,Magnoliopsida,Acer platanoides,44.791022999999996,20.50157,Erable plane
Plantae,Magnoliopsida,Cichorium intybus,44.526790999999996,20.560098,Chicorée sauvage
Plantae,Magnoliopsida,Phytolacca americana,44.613584,21.181213,Raisin d'Amérique
Plantae,Magnoliopsida,Cichorium intybus,44.437236,20.58434,Chicorée sauvage
Plantae,Magnoliopsida,Phytolacca americana,45.832253,20.476156,Raisin d'Amérique
Plantae,Magnoliopsida,Cichorium intybus,44.245422999999995,19.885041,Chicorée sauvage
Plantae,Magnoliopsida,Robinia pseudoacacia,44.653655,20.193669,Robinier faux acacia
Plantae,Magnoliopsida,Cichorium intybus,43.794323,19.513169,Chicorée sauvage
Plantae,Magnoliopsida,Acer platanoides,44.973225,19.611925,Erable plane
Plantae,Magnoliopsida,Phytolacca americana,45.806011,19.259157000000002,Raisin d'Amérique
Plantae,Magnoliopsida,Cichorium intybus,43.808406,21.895706,Chicorée sauvage
Plantae,Magnoliopsida,Acer platanoides,45.36801,20.065374,Erable plane
Plantae,Magnoliopsida,Acer platanoides,44.811939,20.462416,Erable plane
Plantae,Magnoliopsida,Phytolacca americana,44.698611,20.396667,Raisin d'Amérique
Plantae,Magnoliopsida,Acer platanoides,44.727416999999996,20.423382,Erable plane
Plantae,Magnoliopsida,Robinia pseudoacacia,45.259879999999995,19.8321,Robinier faux acacia
Plantae,Magnoliopsida,Robinia pseudoacacia,44.813433,20.410395,Robinier faux acacia
Plantae,Magnoliopsida,Robinia pseudoacacia,44.798669,20.485272,Robinier faux acacia
Plantae,Magnoliopsida,Cichorium intybus,44.668125,20.160917,Chicorée sauvage
Plantae,Magnoliopsida,Robinia pseudoacacia,44.756188,20.428351,Robinier faux acacia
Plantae,Magnoliopsida,Phytolacca americana,44.784523,20.506969,Raisin d'Amérique
Plantae,Magnoliopsida,Cichorium intybus,43.84668,20.402235,Chicorée sauvage
Plantae,Magnoliopsida,Robinia pseudoacacia,45.246944,19.813056,Robinier faux acacia
Plantae,Magnoliopsida,Acer platanoides,44.651435,20.19259,Erable plane
Plantae,Magnoliopsida,Robinia pseudoacacia,45.411778000000005,19.87955,Robinier faux acacia
Plantae,Magnoliopsida,Phytolacca americana,45.2337,19.625549,Raisin d'Amérique
Plantae,Magnoliopsida,Phytolacca americana,44.735556,20.696111,Raisin d'Amérique
Animalia,Aves,Numenius arquata,43.1456,22.6061,Courlis cendré
Animalia,Aves,Numenius arquata,45.6255,20.2093,Courlis cendré
Animalia,Mammalia,Lepus europaeus,45.739342,20.165083,Lièvre d'europe
Plantae,Magnoliopsida,Robinia pseudoacacia,44.262997999999996,19.897541,Robinier faux acacia
Animalia,Mammalia,Capreolus capreolus,44.157554,19.832575,Chevreuil
Animalia,Mammalia,Sus scrofa,44.19621,19.784917999999998,Sanglier
Animalia,Aves,Numenius arquata,45.528,20.296,Courlis cendré
Animalia,Aves,Numenius arquata,45.2933,20.4284,Courlis cendré
Animalia,Aves,Aquila clanga,44.3335,21.13017,Aigle criard
Animalia,Aves,Aquila clanga,45.17317,19.8735,Aigle criard
Animalia,Aves,Aquila clanga,45.2775,20.28,Aigle criard
Animalia,Aves,Aquila clanga,44.83917,21.19683,Aigle criard
Animalia,Aves,Aquila clanga,45.13967,21.165670000000002,Aigle criard
Animalia,Aves,Aquila clanga,45.6465,20.65717,Aigle criard
Animalia,Aves,Aquila clanga,45.139829999999996,21.16733,Aigle criard
Animalia,Aves,Aquila clanga,45.14,21.165670000000002,Aigle criard
Animalia,Aves,Aquila clanga,44.37533,22.00067,Aigle criard
Animalia,Aves,Aquila clanga,44.986000000000004,21.0365,Aigle criard
Animalia,Aves,Aquila clanga,44.3335,21.13,Aigle criard
Animalia,Aves,Aquila clanga,43.54467,22.16067,Aigle criard
Animalia,Aves,Aquila clanga,45.165,19.86117,Aigle criard
Animalia,Aves,Aquila clanga,45.17333,19.87367,Aigle criard
Animalia,Aves,Aquila clanga,45.9665,20.11833,Aigle criard
Animalia,Aves,Aquila clanga,44.98183,21.02867,Aigle criard
Animalia,Aves,Aquila clanga,43.01283,22.84317,Aigle criard
Animalia,Aves,Aquila clanga,45.333999999999996,20.9835,Aigle criard
Animalia,Aves,Aquila clanga,45.67667,20.67817,Aigle criard
Animalia,Aves,Aquila clanga,43.6925,21.68117,Aigle criard
Animalia,Aves,Aquila clanga,45.27233,20.26967,Aigle criard
Animalia,Aves,Aquila clanga,43.3815,19.71467,Aigle criard
Animalia,Aves,Aquila clanga,44.56167,20.06017,Aigle criard
Animalia,Aves,Aquila clanga,43.58583,21.77267,Aigle criard
Animalia,Aves,Aquila clanga,45.27117,20.2665,Aigle criard
Animalia,Aves,Aquila clanga,44.98717,21.020329999999998,Aigle criard
Animalia,Aves,Aquila clanga,45.677,20.67833,Aigle criard
Animalia,Aves,Aquila clanga,45.6725,20.736,Aigle criard
Animalia,Aves,Aquila clanga,44.49283,20.7405,Aigle criard
Animalia,Aves,Aquila clanga,44.37533,22.00067,Aigle criard
Animalia,Aves,Aquila clanga,44.336999999999996,22.16817,Aigle criard
Animalia,Aves,Aquila clanga,43.698,21.67717,Aigle criard
Animalia,Aves,Aquila clanga,44.358670000000004,21.25483,Aigle criard
Animalia,Aves,Aquila clanga,45.14017,21.16333,Aigle criard
Animalia,Aves,Aquila clanga,45.67167,20.68683,Aigle criard
Animalia,Aves,Aquila clanga,44.49283,20.74483,Aigle criard
Animalia,Aves,Aquila clanga,45.677,20.67833,Aigle criard
Animalia,Aves,Aquila clanga,44.563,20.06167,Aigle criard
Animalia,Aves,Aquila clanga,45.674170000000004,20.68683,Aigle criard
Animalia,Aves,Aquila clanga,45.67283,20.73517,Aigle criard
Animalia,Aves,Aquila clanga,44.6425,21.06083,Aigle criard
Animalia,Aves,Aquila clanga,44.15383,20.28483,Aigle criard
Animalia,Aves,Aquila clanga,43.995329999999996,20.1545,Aigle criard
Animalia,Aves,Aquila clanga,45.13967,21.164,Aigle criard
Animalia,Aves,Aquila clanga,44.41767,20.3935,Aigle criard
Animalia,Aves,Aquila clanga,43.7555,21.61283,Aigle criard
Animalia,Aves,Aquila clanga,44.9615,19.8895,Aigle criard
Animalia,Aves,Aquila clanga,45.30833,21.08717,Aigle criard
Animalia,Aves,Aquila clanga,44.55683,21.11533,Aigle criard
Animalia,Aves,Aquila clanga,43.0125,22.833000000000002,Aigle criard
Animalia,Aves,Aquila clanga,44.9865,21.0365,Aigle criard
Animalia,Aves,Aquila clanga,45.67917,20.691329999999997,Aigle criard
Animalia,Aves,Aquila clanga,44.27267,21.987170000000003,Aigle criard
Animalia,Aves,Aquila clanga,45.172670000000004,19.871170000000003,Aigle criard
Animalia,Aves,Aquila clanga,44.15267,20.28283,Aigle criard
Animalia,Aves,Aquila clanga,44.97583,21.031999999999996,Aigle criard
Animalia,Aves,Aquila clanga,45.6725,20.736,Aigle criard
Animalia,Aves,Aquila clanga,44.51,20.724829999999997,Aigle criard
Animalia,Aves,Aquila clanga,44.736000000000004,21.373829999999998,Aigle criard
Animalia,Aves,Aquila clanga,44.33367,21.130329999999997,Aigle criard
Animalia,Aves,Aquila clanga,44.95183,21.48933,Aigle criard
Animalia,Aves,Aquila clanga,44.1515,20.280170000000002,Aigle criard
Animalia,Aves,Aquila clanga,44.15183,20.282,Aigle criard
Animalia,Aves,Aquila clanga,44.5625,20.0605,Aigle criard
Animalia,Aves,Aquila clanga,45.675670000000004,20.69333,Aigle criard
Animalia,Aves,Aquila clanga,44.563,20.0615,Aigle criard
Animalia,Aves,Aquila clanga,45.13967,21.16367,Aigle criard
Animalia,Aves,Aquila clanga,44.185829999999996,21.28533,Aigle criard
Animalia,Aves,Aquila clanga,44.373999999999995,22.000999999999998,Aigle criard
Animalia,Aves,Aquila clanga,43.697829999999996,21.67683,Aigle criard
Animalia,Aves,Aquila clanga,44.97583,21.031999999999996,Aigle criard
Animalia,Aves,Aquila clanga,44.988,21.031999999999996,Aigle criard
Animalia,Aves,Aquila clanga,44.22533,21.991,Aigle criard
Animalia,Aves,Aquila clanga,44.58667,21.626829999999998,Aigle criard
Animalia,Aves,Aquila clanga,44.986000000000004,21.03633,Aigle criard
Animalia,Aves,Aquila clanga,44.37533,22.00067,Aigle criard
Animalia,Aves,Aquila clanga,45.67333,20.688670000000002,Aigle criard
Animalia,Aves,Aquila clanga,44.22533,21.991,Aigle criard
Animalia,Aves,Aquila clanga,43.697829999999996,21.677,Aigle criard
Animalia,Aves,Aquila clanga,44.50083,20.742829999999998,Aigle criard
Animalia,Aves,Aquila clanga,45.17333,19.87367,Aigle criard
Animalia,Aves,Aquila clanga,44.15433,20.280170000000002,Aigle criard
Animalia,Aves,Aquila clanga,45.72667,20.760170000000002,Aigle criard
Animalia,Aves,Aquila clanga,43.58533,21.775,Aigle criard
Animalia,Aves,Aquila clanga,45.6725,20.736,Aigle criard
Animalia,Aves,Aquila clanga,44.02433,21.503,Aigle criard
Animalia,Aves,Aquila clanga,45.27267,20.267329999999998,Aigle criard
Animalia,Aves,Aquila clanga,44.15233,20.2825,Aigle criard
Animalia,Aves,Aquila clanga,45.20633,21.100170000000002,Aigle criard
Animalia,Aves,Aquila clanga,43.78867,21.44783,Aigle criard
Animalia,Aves,Aquila clanga,44.0935,21.295170000000002,Aigle criard
Animalia,Aves,Aquila clanga,44.70767,21.04733,Aigle criard
Animalia,Aves,Aquila clanga,44.97583,21.03183,Aigle criard
Animalia,Aves,Aquila clanga,45.10133,21.1345,Aigle criard
Animalia,Aves,Aquila clanga,44.98217,21.028170000000003,Aigle criard
Animalia,Aves,Aquila clanga,45.22033,20.58717,Aigle criard
Animalia,Aves,Aquila clanga,44.71383,21.05283,Aigle criard
Animalia,Aves,Aquila clanga,44.1535,20.282329999999998,Aigle criard
Animalia,Aves,Aquila clanga,44.37533,22.00083,Aigle criard
Animalia,Aves,Aquila clanga,45.6725,20.736,Aigle criard
Animalia,Aves,Aquila clanga,43.7735,22.349829999999997,Aigle criard
Animalia,Aves,Aquila clanga,44.33217,21.12833,Aigle criard
Animalia,Aves,Aquila clanga,44.71167,21.04883,Aigle criard
Animalia,Mammalia,Talpa europaea,45.203638,19.934442,Taupe d'europe
Animalia,Aves,Numenius arquata,45.4283,19.9337,Courlis cendré
Animalia,Aves,Numenius arquata,45.3313,20.6691,Courlis cendré
Animalia,Mammalia,Capreolus capreolus,45.253640999999995,20.357718,Chevreuil
Plantae,Magnoliopsida,Cichorium intybus,43.845279,19.766547,Chicorée sauvage
Animalia,Aves,Numenius arquata,45.2177,20.6306,Courlis cendré
Plantae,Magnoliopsida,Robinia pseudoacacia,45.154382,19.840365,Robinier faux acacia
Animalia,Mammalia,Erinaceus roumanicus,43.650483,20.237233,Hérisson
Animalia,Mammalia,Capreolus capreolus,44.277054,20.508329999999997,Chevreuil
Animalia,Aves,Aquila clanga,44.809,21.2851,Aigle criard
Animalia,Aves,Numenius arquata,45.6255,20.2093,Courlis cendré
Animalia,Aves,Numenius arquata,45.4704,20.3027,Courlis cendré
Animalia,Aves,Numenius arquata,45.528,20.296,Courlis cendré
Animalia,Aves,Numenius arquata,45.1204,20.3953,Courlis cendré
Animalia,Aves,Numenius arquata,45.528,20.296,Courlis cendré
Animalia,Aves,Numenius arquata,45.2933,20.4284,Courlis cendré
Animalia,Aves,Numenius arquata,45.4219,20.2953,Courlis cendré
Animalia,Aves,Numenius arquata,45.528,20.296,Courlis cendré
Animalia,Aves,Numenius arquata,45.528,20.296,Courlis cendré
Animalia,Aves,Numenius arquata,45.3313,20.6691,Courlis cendré
Animalia,Aves,Numenius arquata,45.2177,20.6306,Courlis cendré
Animalia,Aves,Numenius arquata,45.876999999999995,20.2187,Courlis cendré
Animalia,Aves,Numenius arquata,45.0899,20.453,Courlis cendré
Animalia,Aves,Numenius arquata,45.4509,20.2411,Courlis cendré
Animalia,Aves,Numenius arquata,45.528,20.296,Courlis cendré
Animalia,Aves,Numenius arquata,43.1456,22.6061,Courlis cendré
Animalia,Aves,Numenius arquata,45.4704,20.3027,Courlis cendré
Animalia,Aves,Numenius arquata,43.1456,22.6061,Courlis cendré
Animalia,Aves,Aquila clanga,44.7961,21.2291,Aigle criard
Animalia,Aves,Numenius arquata,45.2177,20.6306,Courlis cendré
Animalia,Aves,Numenius arquata,45.3313,20.6691,Courlis cendré
Animalia,Aves,Numenius arquata,45.3313,20.6691,Courlis cendré
Animalia,Aves,Numenius arquata,46.0412,20.1208,Courlis cendré
Animalia,Aves,Numenius arquata,45.2933,20.4284,Courlis cendré
Animalia,Aves,Numenius arquata,45.08,20.4824,Courlis cendré
Animalia,Aves,Aquila clanga,44.6054,22.3218,Aigle criard
Animalia,Aves,Numenius arquata,46.0442,19.9375,Courlis cendré
Animalia,Aves,Numenius arquata,44.8662,20.4915,Courlis cendré
Animalia,Aves,Numenius arquata,45.528,20.296,Courlis cendré
Animalia,Aves,Numenius arquata,45.4283,19.9337,Courlis cendré
Animalia,Aves,Numenius arquata,45.528,20.296,Courlis cendré
Animalia,Aves,Numenius arquata,45.2454,19.881,Courlis cendré
Animalia,Aves,Numenius arquata,45.528,20.296,Courlis cendré
Animalia,Aves,Numenius arquata,45.528,20.296,Courlis cendré
Animalia,Aves,Numenius arquata,45.528,20.296,Courlis cendré
Animalia,Aves,Numenius arquata,46.0442,19.9375,Courlis cendré
Animalia,Aves,Numenius arquata,44.809,21.2851,Courlis cendré
Animalia,Aves,Aquila clanga,44.7893,21.2899,Aigle criard
Animalia,Aves,Aquila clanga,44.809,21.2851,Aigle criard
Animalia,Aves,Numenius arquata,45.2177,20.6306,Courlis cendré
Animalia,Aves,Numenius arquata,45.3313,20.6691,Courlis cendré
Animalia,Aves,Aquila clanga,45.0505,20.4177,Aigle criard
Animalia,Aves,Numenius arquata,45.528,20.296,Courlis cendré
Animalia,Aves,Numenius arquata,45.0474,19.945999999999998,Courlis cendré
Animalia,Aves,Numenius arquata,45.2177,20.6306,Courlis cendré
Animalia,Aves,Numenius arquata,45.528,20.296,Courlis cendré
Animalia,Aves,Numenius arquata,45.6255,20.2093,Courlis cendré
Animalia,Aves,Numenius arquata,45.6255,20.2093,Courlis cendré
Animalia,Aves,Pelecanus crispus,43.1456,22.6061,Pélican frisé
Animalia,Aves,Numenius arquata,45.876999999999995,20.2187,Courlis cendré
Animalia,Aves,Numenius arquata,45.6255,20.2093,Courlis cendré
Animalia,Aves,Aquila clanga,45.0934,20.4708,Aigle criard
Animalia,Aves,Aquila clanga,44.7893,21.2899,Aigle criard
Animalia,Aves,Numenius arquata,45.0934,20.4708,Courlis cendré
Animalia,Aves,Numenius arquata,45.885,20.2358,Courlis cendré
Animalia,Aves,Aquila clanga,44.7893,21.2899,Aigle criard
Animalia,Aves,Numenius arquata,45.528,20.296,Courlis cendré
Animalia,Aves,Numenius arquata,45.528,20.296,Courlis cendré
Animalia,Aves,Numenius arquata,45.528,20.296,Courlis cendré
Plantae,Magnoliopsida,Cichorium intybus,43.36575,19.726758,Chicorée sauvage
Plantae,Magnoliopsida,Acer platanoides,43.93725,19.459542000000003,Erable plane
Plantae,Magnoliopsida,Robinia pseudoacacia,44.864312,21.060878,Robinier faux acacia
Animalia,Mammalia,Capreolus capreolus,45.238152,20.170537,Chevreuil
Plantae,Magnoliopsida,Robinia pseudoacacia,45.034025,19.818941,Robinier faux acacia
Animalia,Mammalia,Rattus norvegicus,44.274328000000004,19.910498999999998,Rat brun
Animalia,Mammalia,Erinaceus roumanicus,43.970663,19.564911,Hérisson
Plantae,Magnoliopsida,Phytolacca americana,43.955017,19.514232999999997,Raisin d'Amérique
Animalia,Mammalia,Erinaceus roumanicus,45.973828000000005,19.425325,Hérisson
Animalia,Mammalia,Myocastor coypus,44.910028000000004,20.373699,Ragondin
Animalia,Mammalia,Erinaceus roumanicus,44.776967,20.42588,Hérisson
Plantae,Magnoliopsida,Cichorium intybus,43.940346999999996,19.309746,Chicorée sauvage
Animalia,Mammalia,Ovis aries,45.122108000000004,19.938691,Mouton
Animalia,Mammalia,Ovis aries,45.122108000000004,19.938691,Mouton
Animalia,Aves,Numenius arquata,46.0412,20.1208,Courlis cendré
Animalia,Mammalia,Erinaceus roumanicus,45.160326,19.760851000000002,Hérisson
Animalia,Mammalia,Sciurus vulgaris,44.802423,20.507462,Ecureuil Roux
Animalia,Aves,Numenius arquata,46.0442,19.9375,Courlis cendré
Animalia,Aves,Numenius arquata,45.4704,20.3027,Courlis cendré
Animalia,Aves,Numenius arquata,45.3313,20.6691,Courlis cendré
Plantae,Magnoliopsida,Cichorium intybus,44.232238,19.636238,Chicorée sauvage
Animalia,Mammalia,Talpa europaea,44.766021,20.474919,Taupe d'europe
Animalia,Mammalia,Myocastor coypus,44.843575,20.417505,Ragondin
